{
    "FLUXCALERR_Y": {
        "mean": -6.337547779083252,
        "min": 0.0,
        "std": 6.128237247467041
    },
    "FLUXCALERR_g": {
        "mean": -6.337547779083252,
        "min": 0.0,
        "std": 6.128237247467041
    },
    "FLUXCALERR_i": {
        "mean": -6.337547779083252,
        "min": 0.0,
        "std": 6.128237247467041
    },
    "FLUXCALERR_r": {
        "mean": -6.337547779083252,
        "min": 0.0,
        "std": 6.128237247467041
    },
    "FLUXCALERR_u": {
        "mean": -6.337547779083252,
        "min": 0.0,
        "std": 6.128237247467041
    },
    "FLUXCALERR_z": {
        "mean": -6.337547779083252,
        "min": 0.0,
        "std": 6.128237247467041
    },
    "FLUXCAL_Y": {
        "mean": 5.498781204223633,
        "min": -216.85446166992188,
        "std": 0.4414941966533661
    },
    "FLUXCAL_g": {
        "mean": 5.498781204223633,
        "min": -216.85446166992188,
        "std": 0.4414941966533661
    },
    "FLUXCAL_i": {
        "mean": 5.498781204223633,
        "min": -216.85446166992188,
        "std": 0.4414941966533661
    },
    "FLUXCAL_r": {
        "mean": 5.498781204223633,
        "min": -216.85446166992188,
        "std": 0.4414941966533661
    },
    "FLUXCAL_u": {
        "mean": 5.498781204223633,
        "min": -216.85446166992188,
        "std": 0.4414941966533661
    },
    "FLUXCAL_z": {
        "mean": 5.498781204223633,
        "min": -216.85446166992188,
        "std": 0.4414941966533661
    },
    "delta_time": {
        "mean": -2.455082893371582,
        "min": 0.0,
        "std": 5.746701240539551
    }
}