{"vanilla_S_0_CLF_2_R_none_photometry_DF_1.0_N_global_lstm_32x2_0.05_128_True_mean_C": {"training_time": 185.8658742904663, "AUC": 0.9611802870564383, "Acc": 0.8906528430260813, "loss": 0.17643480050815116}}